Horizonte,Model,Order,MAPE,RMSE,AIC
Mensual,ARIMA,"(0, 0, 0)",1.5640604505941595,41167590125.34998,2988.3908117535907
Mensual,SARIMA,"(0, 1, 1) x (0, 1, 1, 12)",1.4397295345887258,44859093615.22624,2299.0280803646788
Bimestral,ARIMA,"(2, 1, 0)",1.5776057515071706,75756188929.2985,1191.8257400360453
Bimestral,SARIMA,"(0, 0, 0) x (0, 1, 0, 6)",1.9644113353369248,106213143713.31606,934.2824063754178
Trimestral,ARIMA,"(0, 0, 0)",1.127926961561961,84198492974.48401,632.0695586634708
